{
    "faces":[43,0,1,2,3,0,0,1,2,3,0,0,0,0,43,4,7,6,5,0,4,5,6,7,1,1,1,1,43,0,4,5,1,0,8,9,10,11,2,2,2,2,43,1,5,6,2,0,12,13,14,15,3,3,3,3,43,2,6,7,3,0,16,17,18,19,4,4,4,4,43,4,0,3,7,0,20,21,22,23,5,5,5,5],
    "metadata":{
        "generator":"io_three",
        "faces":6,
        "normals":6,
        "materials":1,
        "uvs":1,
        "type":"Geometry",
        "version":3,
        "vertices":8
    },
    "normals":[-0,0,1,0,-0,-1,1,0,-0,-0,1,0,-1,-0,0,0,-1,-0],
    "materials":[{
        "colorEmissive":[0,0,0],
        "depthTest":true,
        "opacity":1,
        "depthWrite":true,
        "colorSpecular":[0.5,0.5,0.5],
        "visible":true,
        "specularCoef":50,
        "DbgColor":15658734,
        "blending":"NormalBlending",
        "DbgName":"Material",
        "wireframe":false,
        "colorDiffuse":[0.64,0.64,0.64],
        "transparent":false,
        "DbgIndex":0,
        "shading":"phong"
    }],
    "vertices":[1,-1,-1,1,-1,1,-1,-1,1,-1,-1,-1,1,1,-1,0.999999,1,1,-1,1,1,-1,1,-1],
    "uvs":[[0.666866,0.333133,0.9998,0.333134,0.9998,0.0002,0.666866,0.0002,0.0002,0.333134,0.0002,0.0002,0.333134,0.0002,0.333134,0.333134,0.0002,0.666467,0.0002,0.333533,0.333134,0.333533,0.333134,0.666467,0.0002,0.9998,0.0002,0.666866,0.333134,0.666866,0.333134,0.9998,0.666467,0.333533,0.333533,0.333533,0.333533,0.666467,0.666467,0.666467,0.333533,0.333134,0.666467,0.333134,0.666467,0.0002,0.333533,0.0002]],
    "name":"CubeGeometry"
}