{
    "vertices":[-0.561473,-2.19225,0.772801,0,2.75809,-0,0,-0.241913,-1.09251,0,2.75809,-0.933503,0.642161,-0.241913,-0.883859,0.548699,2.75809,-0.75522,1.03904,-0.241913,-0.337604,0.887814,2.75809,-0.288468,1.03904,-0.241913,0.337604,0.887814,2.75809,0.288468,0.642161,-0.241913,0.883859,0.548699,2.75809,0.75522,-0,-0.241913,1.09251,-0,2.75809,0.933503,-0.642162,-0.241913,0.883859,-0.548699,2.75809,0.75522,-1.03904,-0.241913,0.337604,-0.887814,2.75809,0.288468,-1.03904,-0.241913,-0.337604,-0.887814,2.75809,-0.288469,-0.642161,-0.241913,-0.88386,-0.548699,2.75809,-0.75522,0,2.17829,-1.5,0.881678,2.17829,-1.21353,1.42658,2.17829,-0.463526,1.42658,2.17829,0.463525,0.881678,2.17829,1.21352,-0,2.17829,1.5,-0.881678,2.17829,1.21352,-1.42658,2.17829,0.463526,-1.42658,2.17829,-0.463526,-0.881677,2.17829,-1.21353,1.25041,-0.026139,1.72104,2.0232,-0.026139,0.657378,2.0232,-0.026139,-0.657378,1.25041,-0.026139,-1.72104,-2.0232,-0.026139,-0.657378,-2.0232,-0.026139,0.657378,-1.25041,-0.026139,1.72104,-0,-0.026139,2.12732,0,-0.026139,-2.12732,-1.25041,-0.026139,-1.72104,1.14867,0.995654,1.58101,1.85859,0.995654,-0.603892,1.14867,0.995654,-1.58101,1.85859,0.995654,0.603892,-1.85859,0.995654,-0.603892,-1.14867,0.995654,1.58101,-0,0.995654,1.95423,-1.85859,0.995654,0.603892,0,0.995654,-1.95423,-1.14867,0.995654,-1.58101,-0.908482,-2.19225,-0.295184,-0.561472,-2.19225,-0.772801,0,-2.19225,0,0,-2.19225,-0.955234,-0.642162,-1.98024,0.883859,-0,-1.98024,1.09251,0.642161,-1.98024,0.883859,1.03904,-1.98024,0.337604,0.561472,-2.19225,-0.772801,0.908482,-2.19225,-0.295183,0.908482,-2.19225,0.295184,0.561472,-2.19225,0.772801,-0.908482,-2.19225,0.295184,1.03904,-1.98024,-0.337604,0.642161,-1.98024,-0.883859,0,-1.98024,-1.09251,-0,-2.19225,0.955234,-0.642161,-1.98024,-0.88386,-1.03904,-1.98024,-0.337604,-1.03904,-1.98024,0.337604],
    "materials":[{
        "wireframe":false,
        "depthTest":true,
        "depthWrite":true,
        "blending":"NormalBlending",
        "specularCoef":50,
        "DbgName":"mushroom",
        "transparent":false,
        "colorDiffuse":[0.64,0.64,0.64],
        "visible":true,
        "shading":"phong",
        "colorSpecular":[0.5,0.5,0.5],
        "opacity":1,
        "DbgIndex":0,
        "colorEmissive":[0,0,0],
        "doubleSided":true,
        "DbgColor":15658734
    }],
    "uvs":[[0.385191,0.903783,0.344547,0.9011,0.349953,0.610334,0.384363,0.613018,0.7612,0.268,0.817101,0.344942,0.7612,0.363105,0.7612,0.42082,0.851025,0.391634,0.15706,0.878309,0.124982,0.889698,0.116349,0.598933,0.149755,0.587544,0.85165,0.297389,0.90654,0.315224,0.307463,0.892402,0.274559,0.881014,0.282437,0.590248,0.315941,0.601637,0.85165,0.238611,0.90654,0.220776,0.088995,0.899428,0.082468,0.608663,0.817101,0.191058,0.851025,0.144366,0.244403,0.871283,0.249226,0.580518,0.7612,0.172895,0.7612,0.11518,0.04895,0.903783,0.048122,0.613018,0.705299,0.191058,0.671375,0.144366,0.215527,0.866928,0.21608,0.576163,0.67075,0.238611,0.61586,0.220776,0.186781,0.869612,0.182935,0.578846,0.67075,0.297389,0.61586,0.315224,0.705299,0.344942,0.671375,0.391634,0.7612,0.467097,0.878226,0.429073,0.950553,0.329524,0.950553,0.206476,0.878226,0.106927,0.7612,0.068903,0.644173,0.106927,0.571847,0.206476,0.571847,0.329524,0.644174,0.429073,0.246585,0.894046,0.215773,0.885566,0.384755,0.95733,0.347347,0.952104,0.120773,0.929903,0.085648,0.94885,0.31165,0.935169,0.153667,0.907727,0.278258,0.912993,0.185051,0.890792,0.048514,0.95733,0.7612,0.484731,0.888591,0.443339,0.967324,0.334974,0.967324,0.201026,0.888591,0.092661,0.7612,0.051269,0.633809,0.092661,0.555076,0.201026,0.555076,0.334974,0.633809,0.443339,0.380139,0.391007,0.316915,0.565289,0.283449,0.555331,0.043897,0.391007,0.081777,0.571432,0.048039,0.57524,0.21616,0.543016,0.182393,0.545362,0.148795,0.552967,0.115328,0.562924,0.350514,0.572893,0.38428,0.57524,0.249897,0.546823]],
    "name":"CylinderGeometry.2",
    "metadata":{
        "materials":1,
        "uvs":1,
        "normals":68,
        "faces":80,
        "vertices":72,
        "version":3,
        "type":"Geometry",
        "generator":"io_three"
    },
    "normals":[0.309017,-0.951057,0,0,-0,-1,0.22637,-0.696694,-0.680716,-1,0,-0,0.592643,-0.430581,-0.680716,1,0,-0,0,0,-1,0.732547,0,-0.680716,-0.809017,-0.587785,0,0.592643,0.430581,-0.680716,0.809017,0.587785,-0,0.22637,0.696694,-0.680716,-0.309017,-0.951057,0,-0.22637,0.696694,-0.680716,0.309017,0.951057,-0,-0.592643,0.430581,-0.680716,-0.309017,0.951056,-0,-0,0,-1,-0.732547,0,-0.680716,-0.809017,0.587785,-0,-0.592643,-0.430581,-0.680716,0.809017,-0.587785,0,-0,-0,-1,-0.226369,-0.696694,-0.680716,0.290258,-0.893322,-0.343112,0.759905,-0.552103,-0.343112,0.939294,0,-0.343112,0.759905,0.552103,-0.343112,0.290258,0.893322,-0.343112,-0.290258,0.893322,-0.343112,-0.759905,0.552103,-0.343112,-0.939294,0,-0.343112,-0.759905,-0.552104,-0.343112,-0.290258,-0.893322,-0.343112,0.066179,0.203678,0.976799,0.066179,-0.203678,0.976799,-0.173259,-0.12588,0.976799,0.173259,-0.12588,0.976799,-0.21416,0,0.976799,0.21416,0,0.976799,0.173259,0.12588,0.976799,-0.173259,0.12588,0.976799,-0.066179,-0.203678,0.976799,-0.066179,0.203678,0.976799,0.305083,-0.93895,-0.159051,0.798718,-0.580303,-0.159051,0.98727,0,-0.159051,0.798718,0.580303,-0.159051,0.305083,0.93895,-0.159052,-0.305083,0.93895,-0.159051,-0.798718,0.580303,-0.159051,-0.98727,0,-0.159051,-0.798718,-0.580303,-0.159051,-0.305083,-0.93895,-0.159052,-0,-0,1,0,0,1,-0.263128,0.809823,0.524357,0.851499,0,0.524357,0.263127,-0.809823,0.524357,0.688877,0.500498,0.524357,-0,0,1,0.688877,-0.500498,0.524357,-0.688877,-0.500498,0.524357,-0.688877,0.500498,0.524357,-0.263127,-0.809823,0.524357,0.263128,0.809823,0.524357,-0.851498,0,0.524357,0,-0,1],